{
  "gripper_id": 0,
  "left_finger_tag_id": 0,
  "right_finger_tag_id": 1,
  "max_width": 0.1290424054542236,
  "min_width": 0.04346810704159828
}